Ботинки HS РАН-Р 400 чер. ЗП;45;4
Ботинки HS РАН-Р 400 чер. ЗП;44;5
Ботинки HS РАН-Р 400 чер. ЗП;43;6
Ботинки HS РАН-Р 400 чер. ЗП;42;7
Ботинки HS РАН-Р 400 чер. ЗП;41;0
Ботинки HS РАН-Р 400 чер. ЗП;40;2
Ботинки HS РАН-Р 400 чер. ЗП;39;5
Ботинки HS РАН-Р 400 чер. ЗП;38;0
Ботинки HS РАН-Р 400 чер. ЗП;37;1
Ботинки HS РАН-Р 400 чер. ЗП;36;2
Ботинки PANDA САНИТАРИ 3916 S1 SRC бел.;37;1
Ботинки PANDA САНИТАРИ 3916 S1 SRC бел.;38;0
Ботинки PANDA САНИТАРИ 3916 S1 SRC бел.;39;4
Ботинки PANDA САНИТАРИ 3916 S1 SRC бел.;40;7
Ботинки PANDA САНИТАРИ 3916 S1 SRC бел.;41;8
Ботинки PANDA САНИТАРИ 3916 S1 SRC бел.;42;3
Ботинки PANDA САНИТАРИ 3916 S1 SRC бел.;43;0
